{"cameraMode":{"drawMode":0,"name":"Shaded","section":"Shading Mode"},"sceneLighting":true,"audioPlay":false,"sceneViewState":{"showFog":true,"showMaterialUpdate":false,"showSkybox":true,"showFlares":true,"showImageEffects":true,"showParticleSystems":true},"in2DMode":false,"pivot":{"x":71.00001525878906,"y":199.99998474121095,"z":0.0},"rotation":{"x":-0.012294705025851727,"y":0.04857458546757698,"z":-0.0005979848210699856,"w":-0.9987450242042542},"size":1747.522216796875,"orthographic":false}