{"cameraMode":{"drawMode":0,"name":"Shaded","section":"Shading Mode"},"sceneLighting":true,"audioPlay":false,"sceneViewState":{"showFog":true,"showMaterialUpdate":false,"showSkybox":true,"showFlares":true,"showImageEffects":true,"showParticleSystems":true},"in2DMode":false,"pivot":{"x":147.39999389648438,"y":169.70001220703126,"z":-1.2999998331069947},"rotation":{"x":-0.012294705025851727,"y":0.04857458546757698,"z":-0.0005979848210699856,"w":-0.9987450242042542},"size":364.04150390625,"orthographic":false}